scenario,recovered_cost
scenario_2,75485836590.56985
scenario_3,75485203523.16687
scenario_4,75329476647.54938
