scenario,recovered_cost
scenario_2,122998025120.44632
scenario_3,122996453863.10806
scenario_4,122481465730.58539
