scenario,recovered_cost
scenario_2,58057919088.859375
scenario_3,58052812460.67377
scenario_4,57910258704.0304
