scenario,recovered_cost
scenario_2,58058208933.10821
scenario_3,58053205879.04313
scenario_4,57912145628.994995
