scenario,recovered_cost
scenario_2,75485836590.56985
scenario_3,75485430099.90833
scenario_4,75387346529.97371
