scenario,recovered_cost
scenario_2,24094139829.886806
scenario_3,24092919106.56929
scenario_4,23744417426.023888
