scenario,recovered_cost
scenario_2,24094507989.501694
scenario_3,24092942652.612743
scenario_4,23577947050.758835
