scenario,recovered_cost
scenario_2,81009185731.67067
scenario_3,81008744731.47606
scenario_4,80619157196.69435
