scenario,recovered_cost
scenario_2,81009185731.67067
scenario_3,81008243834.25021
scenario_4,80775467207.4864
