scenario,recovered_cost
scenario_2,12638660455.940147
scenario_3,12236456148.340466
scenario_4,12008195894.656456
