scenario,recovered_cost
scenario_2,58058142115.70034
scenario_3,58053106321.02608
scenario_4,57911605836.530205
