scenario,recovered_cost
scenario_2,412453914978.7319
scenario_3,412453515829.79614
scenario_4,412356231221.67175
