scenario,recovered_cost
scenario_2,122995549500.94598
scenario_3,122994433175.63354
scenario_4,122646005108.50583
