scenario,recovered_cost
scenario_2,58058509737.46868
scenario_3,58053660416.76484
scenario_4,57737600265.185684
