scenario,recovered_cost
scenario_2,24094507989.501694
scenario_3,24093474698.789997
scenario_4,23748931381.05193
