scenario,recovered_cost
scenario_2,122998025120.44632
scenario_3,122996984717.34048
scenario_4,122652457710.09875
