scenario,recovered_cost
scenario_2,8329493460.502554
scenario_3,8327808952.906657
scenario_4,8068573131.887531
