scenario,recovered_cost
scenario_2,42930790172.47741
scenario_3,42929103276.90556
scenario_4,42669891853.2508
