scenario,recovered_cost
scenario_2,8329122785.624051
scenario_3,8327254190.349639
scenario_4,8059982504.304177
