scenario,recovered_cost
scenario_2,42928406532.65988
scenario_3,42926553927.8412
scenario_4,42659354845.05522
