scenario,recovered_cost
scenario_2,50765365174.12976
scenario_3,50485957629.710815
scenario_4,50233613484.84089
