scenario,recovered_cost
scenario_2,9329902914.767086
scenario_3,9050594948.035242
scenario_4,8798195435.319773
