scenario,recovered_cost
scenario_2,67457105932.96345
scenario_3,67054794717.32277
scenario_4,66826519202.1439
