scenario,recovered_cost
scenario_2,12638979075.335476
scenario_3,12236956748.135002
scenario_4,12011620905.885054
