scenario,recovered_cost
scenario_2,67459363387.337875
scenario_3,67057282271.2998
scenario_4,66831936318.84289
