scenario,recovered_cost
scenario_2,24094139829.886806
scenario_3,24092919106.575428
scenario_4,23744409867.706326
